F11 EXCHANGE RATES ,,,,,,,,,,,,,,,
Title,A$1=JPY,A$1=USD,A$1=EUR,A$1=KRW,A$1=NZD,A$1=CNY,A$1=GBP,A$1=TWD,A$1=SGD,A$1=IDR,A$1=HKD,A$1=MYR,A$1=SDR,Trade-weighted Index May 1970 = 100,
Description,AUD/JPY Exchange Rate,AUD/USD Exchange Rate; see notes for further detail.,AUD/EUR Exchange Rate,AUD/KRW Exchange Rate,AUD/NZD Exchange Rate,AUD/CNY Exchange Rate,AUD/GBP Exchange Rate,AUD/TWD Exchange Rate,AUD/SGD Exchange Rate,AUD/IDR Exchange Rate,AUD/HKD Exchange Rate,AUD/MYR Exchange Rate,AUD/SDR Exchange Rate,Australian Dollar Trade-weighted Index,
Frequency,Monthly,Monthly,Monthly,Monthly,Monthly,Monthly,Monthly,Monthly,Monthly,Monthly,Monthly,Monthly,Monthly,Monthly,
Type,Indicative,Indicative,Indicative,Indicative,Indicative,Indicative,Indicative,Indicative,Indicative,Indicative,Indicative,Indicative,Indicative,Indicative,
Units,JPY,USD,EUR,KRW,NZD,CNY,GBP,TWD,SGD,IDR,HKD,MYR,SDR,Index,
,,,,,,,,,,,,,,, 
,,,,,,,,,,,,,,,
Source,RBA,RBA and WM/Reuters,RBA,RBA,RBA,RBA,RBA,RBA,RBA,RBA,RBA,RBA,IMF,RBA,
Publication date,2009/12/31,2009/12/31,2009/12/31,2009/12/31,2009/12/31,2009/12/31,2009/12/31,2009/12/31,2009/12/31,2009/12/31,2009/12/31,2009/12/31,2009/12/31,2009/12/31,
Series ID,FXRJY,FXRUSD,FXREUR,FXRSKW,FXRNZD,FXRCR,FXRUKPS,FXRNTD,FXRSD,FXRIR,FXRHKD,FXRMR,FXRSDR,FXRTWI,
1969/07/31,400.74,1.1138,,,0.998,,0.4657,,,,,,,,
1969/08/31,398.14,1.1091,,,0.998,,0.4657,,,,,,,,
1969/09/30,396.81,1.1094,,,0.998,,0.4657,,,,,,,,
1969/10/31,399.02,1.1158,,,0.998,,0.4657,,,,,,,,
1969/11/30,399.08,1.1161,,,0.998,,0.4657,,,,,,,,
1969/12/31,399.88,1.1182,,,0.998,,0.4657,,,,,,,,
1970/01/31,400.3,1.1185,,,0.998,,0.4657,,,,,,1.12,,
1970/02/28,400.72,1.1209,,,0.998,,0.4657,,,,,,1.12,,
1970/03/31,400.74,1.1207,,,0.998,,0.4657,,,,,,1.12,,
1970/04/30,401.74,1.1206,,,0.998,,0.4657,,,,,,1.12,,
1970/05/31,401.6,1.1186,,,0.998,,0.4657,,,,,,1.12,100,
1970/06/30,400.2,1.1159,,,0.998,,0.4657,,,,,,1.12,99.6,
1970/07/31,399.45,1.1134,,,0.998,,0.4657,,,,,,1.12,99.4,
1970/08/31,397.61,1.11,,,0.998,,0.4657,,,,,,1.12,99.1,
1970/09/30,397.91,1.1118,,,0.998,,0.4657,,,,,,1.12,99.2,
1970/10/31,398.05,1.1131,,,0.998,,0.4657,,,,,,1.12,99.2,
1970/11/30,398.03,1.1131,,,0.998,,0.4657,,,,,,1.12,99.2,
1970/12/31,398.54,1.1146,,,0.998,,0.4657,,,,,,1.12,99.3,
1971/01/31,402.85,1.1257,,,0.998,,0.4657,,,,,,1.12,100,
1971/02/28,402.41,1.1262,,,0.998,,0.4657,,,,,,1.12,100,
1971/03/31,402.44,1.1257,,,0.998,,0.4657,,,,,,1.12,100,
1971/04/30,402.58,1.1267,,,0.998,,0.4657,,,,,,1.12,100,
1971/05/31,402.31,1.1261,,,0.998,,0.4657,,,,,,1.12,99.8,
1971/06/30,402.65,1.1266,,,0.998,,0.4657,,,,,,1.12,99.8,
1971/07/31,402.51,1.1264,,,0.998,,0.4657,,,,,,1.12,99.7,
1971/08/31,389.41,1.1487,,,0.998,,0.4657,,,,,,1.12,99.3,
1971/09/30,385.63,1.157,,,0.998,,0.4657,,,,,,1.12,99.8,
1971/10/31,382.37,1.1614,,,0.998,,0.4657,,,,,,1.12,99.4,
1971/11/30,379.11,1.1615,,,0.998,,0.4657,,,,,,1.12,99.3,
1971/12/31,374.53,1.191,,,0.9965,,0.4664,,,,,,1.12,99.8,
1972/01/31,369.07,1.191,,,0.9965,,0.4596,,,,,,1.12,98.8,
1972/02/29,361.79,1.191,,,0.9965,,0.457,,,,,,1.12,98.1,
1972/03/31,361.51,1.191,,,0.9965,,0.4553,,,,,,1.12,97.8,
1972/04/30,362.17,1.191,,,0.9965,,0.4561,,,,,,1.12,97.9,
1972/05/31,362.94,1.191,,,0.9965,,0.4558,,,,,,1.12,97.9,
1972/06/30,352.37,1.191,,,0.9965,,0.484,,,,,,1.12,98.5,
1972/07/31,358.73,1.191,,,0.9965,,0.4862,,,,,,1.12,98.6,
1972/08/31,358.3,1.191,,,0.9965,,0.4858,,,,,,1.12,98.5,
1972/09/30,358.52,1.191,,,0.9965,,0.4917,,,,,,1.12,98.9,
1972/10/31,358.47,1.191,,,0.9965,,0.5108,,,,,,1.12,99.8,
1972/11/30,358.52,1.191,,,0.9965,,0.506,,,,,,1.12,99.4,
1972/12/31,384.5,1.275,,,1.0668,,0.543,,,,,,1.1743,106.5,
1973/01/31,384.09,1.275,,,1.0668,,0.536,,,,,,1.1743,105.9,
1973/02/28,374.79,1.4167,,,1.0674,,0.5732,,,,,,1.1743,110.7,
1973/03/31,376.21,1.4167,,,1.0674,,0.5706,,,,,,1.1743,110.5,
1973/04/30,376.06,1.4167,,,1.0674,,0.5696,,,,,,1.1743,110.5,
1973/05/31,374.9,1.4167,,,1.0674,,0.5519,,,,,,1.1743,109.1,
1973/06/30,375.28,1.4167,,,1.0674,,0.548,,,,,,1.1743,107.9,
1973/07/31,373.6,1.4167,,,1.0479,,0.5663,,,,,,1.1743,107.9,
1973/08/31,375.83,1.4167,,,1.0591,,0.5764,,,,,,1.1743,108.9,
1973/09/30,395.03,1.4875,,,1.0063,,0.6149,,,,,,1.2331,113.9,
1973/10/31,396.94,1.4875,,,1.005,,0.6111,,,,,,1.2331,113.8,
1973/11/30,416.49,1.4875,,,1.0303,,0.6334,,,,,,1.2331,117.3,
1973/12/31,416.67,1.4875,,,1.0414,,0.6417,,,,,,1.2331,118.1,
1974/01/31,444.03,1.4875,,,1.0662,,0.6585,,,,,,1.2331,121.3,
1974/02/28,426.1,1.4875,,,1.0458,,0.6456,,,,,,1.2331,119,
1974/03/31,405.87,1.4875,,,1.014,,0.614,,,,,,1.2331,115.5,
1974/04/30,415.91,1.4875,,,1.0131,,0.611,,,,,,1.2331,116,
1974/05/31,417.72,1.4875,,,1.0216,,0.6216,,,,,,1.2331,117,
1974/06/30,421.99,1.4875,,,1.0231,,0.6221,,,,,,1.2331,117.3,
1974/07/31,442.64,1.4875,,,1.0279,,0.6252,,,,,,1.2365,118.8,
1974/08/31,450.55,1.4875,,,1.0448,,0.6416,,,,,,1.2557,120.5,
1974/09/30,388.35,1.3103,,,1.0061,,0.5624,,,,,,1.1038,105.3,
1974/10/31,392.89,1.3105,,,1.0048,,0.5613,,,,,,1.0966,105.3,
1974/11/30,394.92,1.3162,,,1.0071,,0.5666,,,,,,1.0906,105.3,
1974/12/31,398.56,1.327,,,1.0087,,0.5649,,,,,,1.0838,105.3,
1975/01/31,398.21,1.3384,,,1.007,,0.5629,,,,,,1.0803,105.3,
1975/02/28,390.57,1.3666,,,1.0097,,0.5625,,,,,,1.0843,105.3,
1975/03/31,393,1.3537,,,1.0102,,0.5614,,,,,,1.0841,105.3,
1975/04/30,394.3,1.341,,,1.0104,,0.5694,,,,,,1.0802,105.3,
1975/05/31,391.26,1.3432,,,1.0164,,0.58,,,,,,1.0773,105.3,
1975/06/30,392.13,1.3258,,,1.0232,,0.5965,,,,,,1.0723,105.3,
1975/07/31,358.76,1.2977,,,1.0229,,0.6001,,,,,,1.0896,105.3,
1975/08/31,381.17,1.2794,,,1.199,,0.6061,,,,,,1.0778,105.3,
1975/09/30,380.49,1.256,,,1.2009,,0.616,,,,,,1.0788,105.3,
1975/10/31,383.29,1.271,,,1.2014,,0.6128,,,,,,1.0719,105.3,
1975/11/30,382.13,1.2594,,,1.2047,,0.6209,,,,,,1.0755,105.3,
1975/12/31,383.38,1.2571,,,1.2045,,0.621,,,,,,1.0738,105.3,
1976/01/31,382.27,1.2588,,,1.2025,,0.6199,,,,,,1.0771,105.3,
1976/02/29,380.93,1.2607,,,1.2038,,0.6225,,,,,,1.0787,105.3,
1976/03/31,374.28,1.2486,,,1.2205,,0.6515,,,,,,1.0798,105.3,
1976/04/30,370.85,1.239,,,1.2333,,0.6736,,,,,,1.0767,105.3,
1976/05/31,368.06,1.2271,,,1.2464,,0.698,,,,,,1.0742,105.3,
1976/06/30,366.97,1.2356,,,1.2451,,0.6927,,,,,,1.0781,105.3,
1976/07/31,364.16,1.2407,,,1.2417,,0.6952,,,,,,1.0828,105.3,
1976/08/31,359.81,1.2462,,,1.2438,,0.7021,,,,,,1.0829,105.3,
1976/09/30,355.85,1.2373,,,1.2679,,0.7409,,,,,,1.0693,105.3,
1976/10/31,359.98,1.2261,,,1.2955,,0.7801,,,,,,1.0618,105.3,
1976/11/30,299.28,1.0123,,,1.117,,0.6122,,,,,,0.8804,86.9,
1976/12/31,318.08,1.0864,,,1.1436,,0.6385,,,,,,0.9351,92.2,
1977/01/31,313.8,1.087,,,1.1428,,0.6333,,,,,,0.9431,92.2,
1977/02/28,309.15,1.0967,,,1.1474,,0.6417,,,,,,0.9487,92.5,
1977/03/31,306.5,1.1031,,,1.1475,,0.641,,,,,,0.9516,92.5,
1977/04/30,306.03,1.1045,,,1.1472,,0.6424,,,,,,0.9503,92.5,
1977/05/31,306.06,1.1039,,,1.1481,,0.6427,,,,,,0.9503,92.5,
1977/06/30,298.5,1.1155,,,1.1524,,0.6482,,,,,,0.9568,92.5,
1977/07/31,299.49,1.1225,,,1.1512,,0.6457,,,,,,0.9582,92.5,
1977/08/31,295.4,1.1051,,,1.1393,,0.6342,,,,,,0.9511,91.5,
1977/09/30,293.33,1.1076,,,1.1406,,0.6348,,,,,,0.9519,91.5,
1977/10/31,281.39,1.1236,,,1.1372,,0.632,,,,,,0.9522,90.9,
1977/11/30,275.18,1.1274,,,1.1328,,0.6213,,,,,,0.9527,90,
1977/12/31,273.84,1.1414,,,1.1193,,0.5965,,,,,,0.9397,89.4,
1978/01/31,274.93,1.1382,,,1.1128,,0.5845,,,,,,0.9367,89.2,
1978/02/28,271.57,1.1365,,,1.1106,,0.5858,,,,,,0.9265,88.5,
1978/03/31,253.65,1.1431,,,1.1179,,0.6127,,,,,,0.9243,87.5,
1978/04/30,252.58,1.1362,,,1.119,,0.6206,,,,,,0.9267,87.5,
1978/05/31,251.88,1.1302,,,1.118,,0.6212,,,,,,0.9265,87.3,
1978/06/30,235.46,1.1475,,,1.1133,,0.616,,,,,,0.9258,86.2,
1978/07/31,222.14,1.1551,,,1.1007,,0.6002,,,,,,0.9169,84.7,
1978/08/31,217.79,1.1521,,,1.0955,,0.5943,,,,,,0.9066,83.7,
1978/09/30,218.6,1.1566,,,1.0888,,0.5856,,,,,,0.9028,83.6,
1978/10/31,210.11,1.1891,,,1.08,,0.5649,,,,,,0.8816,82.2,
1978/11/30,224.51,1.1363,,,1.0837,,0.5826,,,,,,0.893,83.2,
1978/12/31,222.83,1.1505,,,1.0787,,0.5656,,,,,,0.8831,82.7,
1979/01/31,228.04,1.1334,,,1.0732,,0.5677,,,,,,0.8817,82.8,
1979/02/28,228.09,1.1283,,,1.0688,,0.5577,,,,,,0.8752,82.4,
1979/03/31,233.63,1.1182,,,1.0597,,0.5427,,,,,,0.869,82.3,
1979/04/30,243.55,1.1024,,,1.0568,,0.5376,,,,,,0.8662,82.8,
1979/05/31,243.84,1.1048,,,1.0608,,0.5368,,,,,,0.8707,83.1,
1979/06/30,242.83,1.1211,,,1.1086,,0.5158,,,,,,0.8683,83.1,
1979/07/31,246.13,1.1302,,,1.1063,,0.4934,,,,,,0.869,83.3,
1979/08/31,248.3,1.1284,,,1.1139,,0.5008,,,,,,0.8678,83.5,
1979/09/30,252.17,1.1298,,,1.1227,,0.5109,,,,,,0.8574,83.5,
1979/10/31,261.35,1.0974,,,1.1354,,0.5287,,,,,,0.8535,83.8,
1979/11/30,272.22,1.0942,,,1.1221,,0.5006,,,,,,0.8365,83.6,
1979/12/31,265.82,1.1055,,,1.121,,0.4957,,,,,,0.8392,83.3,
1980/01/31,264.46,1.1069,,642,1.1251,,0.4891,,,,,,0.8413,83.2,
1980/02/29,272.75,1.0987,,638.02,1.129,,0.4814,,,,,,0.8427,83.5,
1980/03/31,270.13,1.0831,,634.8,1.1484,,0.4971,,,,,,0.8657,84.4,
1980/04/30,267.31,1.1145,,658.11,1.1528,,0.4915,,,,,,0.8608,84.5,
1980/05/31,256.91,1.1426,,681.22,1.1615,,0.4892,,,,,,0.8713,84.8,
1980/06/30,251.31,1.1576,,698.03,1.1706,,0.4917,,,,,,0.8741,85,
1980/07/31,261.13,1.1525,,706.14,1.1808,,0.491,,,,,,0.8784,85.5,
1980/08/31,254.28,1.1656,,718.36,1.1873,,0.4879,,,,,,0.8862,85.8,
1980/09/30,248.73,1.169,,730.63,1.1943,,0.4897,,,,,,0.8907,85.8,
1980/10/31,247.07,1.1726,,764.07,1.1995,,0.4797,,,,,,0.909,86.2,
1980/11/30,251.25,1.1643,,767.04,1.2131,,0.4924,,2.4347,,,,0.9119,86.8,
1980/12/31,239.53,1.1807,,779.14,1.227,,0.4945,,2.459,,,,0.9257,87.1,
1981/01/31,239.29,1.1707,,779.33,1.2287,,0.4889,,2.4258,,,,0.9409,87.5,
1981/02/28,240.9,1.1566,,775.5,1.2528,,0.5182,,2.4234,,,,0.9455,88.2,
1981/03/31,245.95,1.1684,,786.1,1.27,,0.5164,,2.4438,,,,0.9511,88.8,
1981/04/30,246.78,1.1505,,781.07,1.28,,0.5357,,2.4365,,,,0.9599,89.5,
1981/05/31,254.8,1.1385,,778.51,1.3034,,0.5498,,2.4622,,,,0.973,90.8,
1981/06/30,259.51,1.148,,786.49,1.3465,,0.5895,,2.4465,,,,0.9978,92.9,
1981/07/31,271.38,1.1356,,780.04,1.3692,,0.6097,,2.4554,,,,1.0074,94.2,
1981/08/31,262.79,1.1508,,788.87,1.3842,,0.619,,2.4863,,,,1.016,94.4,
1981/09/30,265.8,1.1414,,782.43,1.3943,,0.6366,,2.4128,,,,0.9972,93.8,
1981/10/31,265.93,1.135,,769.76,1.3926,,0.6148,,2.3824,,,,0.9859,93,
1981/11/30,248.13,1.1514,,794.35,1.3683,,0.5862,,2.3638,,,,0.9752,91.2,
1981/12/31,247.69,1.1279,,790.09,1.3681,,0.5905,,2.3099,,,,0.969,90.5,
1982/01/31,253.93,1.0994,,778.71,1.3679,,0.5869,,2.284,,,,0.9578,90.1,
1982/02/28,253.97,1.074,,764.69,1.3647,,0.5873,,2.264,,,,0.9531,89.2,
1982/03/31,259.24,1.0503,,754.43,1.3697,,0.5895,,2.2361,,,,0.9436,88.8,
1982/04/30,249.5,1.0608,,765.16,1.3736,,0.5923,,2.2291,,,,0.939,88.2,
1982/05/31,255.08,1.0482,,768.44,1.377,,0.5872,,2.1902,,,,0.9348,88,
1982/06/30,260.18,1.0223,,765.5,1.3755,,0.587,,2.2031,,,,0.936,88.2,
1982/07/31,256.07,0.9958,,738.19,1.3517,,0.5748,,2.1295,,,,0.9118,86.1,
1982/08/31,251.76,0.9643,,715.41,1.3284,,0.5644,,2.0863,,,,0.8903,84.1,
1982/09/30,255.58,0.9493,,705.23,1.3221,,0.5594,,2.0742,,,,0.8853,83.8,
1982/10/31,258.46,0.9367,,697.75,1.3212,,0.5566,,2.0709,,,,0.8817,83.9,
1982/11/30,240.04,0.9548,,711.04,1.3304,,0.5933,,2.1029,,,,0.8845,83.5,
1982/12/31,229.51,0.9806,,734.27,1.3387,,0.605,,2.0656,,,,0.8889,83.4,
1983/01/31,230.71,0.9718,,730.31,1.3479,,0.6333,,2.0131,,,,0.8929,83.6,
1983/02/28,225.64,0.9606,,723.43,1.3364,,0.629,,1.9836,,,,0.8813,82.4,
1983/03/31,206.99,0.8629,,658.74,1.3261,,0.5867,,1.8013,,,,0.8,76.1,
1983/04/30,206.45,0.868,,666.54,1.3161,,0.5557,,1.8241,,,,0.8025,76.2,
1983/05/31,210.34,0.882,,680.11,1.3279,,0.5487,,1.8478,,,,0.8187,77.6,
1983/06/30,209.38,0.8745,,679.22,1.3353,,0.573,,1.8621,,,,0.8186,77.7,
1983/07/31,212.45,0.881,,689.91,1.3469,,0.5777,,1.8796,,,,0.8346,78.8,
1983/08/31,216.7,0.8785,,694.1,1.3519,,0.587,,1.8826,,,,0.841,79.6,
1983/09/30,212.43,0.8965,,707.61,1.3637,,0.6,,1.9185,,,,0.8483,80.4,
1983/10/31,214.05,0.916,,726.3,1.3829,,0.6133,,1.9578,,,,0.8647,81.7,
1983/11/30,213.73,0.9128,,727.41,1.3883,,0.6226,,1.9474,,,,0.8689,82,
1983/12/31,209.22,0.902,,717.54,1.3765,1.7868,0.6205,36.34,1.9158,897,7.0167,2.1089,0.8616,81.1,
1984/01/31,215.48,0.9178,,733.23,1.4116,1.9033,0.6526,36.88,1.9555,913,7.1648,2.1477,0.8875,83.5,
1984/02/29,220.07,0.9429,,748,1.4156,1.9299,0.6326,37.89,2.0018,936,7.3376,2.1995,0.8899,84.2,
1984/03/31,210.22,0.935,,739.49,1.4062,1.925,0.6461,37.35,1.9521,935,7.2967,2.1444,0.8786,82.9,
1984/04/30,208.74,0.9201,,733.87,1.4045,1.9576,0.6568,36.46,1.921,925,7.1906,2.1075,0.8787,82.6,
1984/05/31,208.25,0.8992,,717.83,1.3892,1.9889,0.6503,35.85,1.8935,907,7.0263,2.0798,0.8635,81.6,
1984/06/30,204.6,0.8613,,692.74,1.3587,1.9356,0.6378,34.18,1.8372,874,6.7341,1.9972,0.8352,79.2,
1984/07/31,203.68,0.83,,673.46,1.6774,1.9352,0.636,32.54,1.787,852,6.5114,1.9476,0.8191,78.7,
1984/08/31,205.07,0.8488,,686.42,1.6993,2.0487,0.6472,33.13,1.8304,890,6.6525,1.9786,0.8346,80.1,
1984/09/30,204.67,0.833,,678.31,1.7038,2.1393,0.6696,32.65,1.8022,881,6.5045,1.9742,0.8342,80.3,
1984/10/31,208.17,0.8487,,693.73,1.7381,2.2406,0.6984,33.34,1.8349,901,6.6394,2.0411,0.8519,82,
1984/11/30,212.02,0.8596,,705.82,1.7633,2.396,0.7163,33.94,1.8658,917,6.7309,2.0738,0.8667,83.5,
1984/12/31,207.24,0.8278,,682.94,1.7343,2.3143,0.713,32.69,1.804,888,6.4759,2.0078,0.8419,81.3,
1985/01/31,207.61,0.815,,676.94,1.7315,2.2899,0.7218,31.85,1.8007,882,6.3554,2.031,0.8357,80.8,
1985/02/28,185.25,0.7138,,601.59,1.5912,2.0233,0.6563,28.07,1.6132,780,5.5691,1.8427,0.7439,72.3,
1985/03/31,176.94,0.7051,,599.9,1.5196,1.9883,0.5641,27.9,1.5571,777,5.4998,1.7749,0.7141,69.2,
1985/04/30,163.94,0.6523,,564.83,1.4384,1.8605,0.5229,26.04,1.4458,723,5.0729,1.6125,0.6605,64.2,
1985/05/31,165.64,0.658,,573.12,1.4677,1.8712,0.5159,26.18,1.4647,735,5.114,1.6271,0.6614,64.8,
1985/06/30,165.68,0.6655,,581.65,1.385,1.9152,0.5136,26.63,1.4866,744,5.1663,1.6578,0.6668,65,
1985/07/31,172.07,0.7271,,637.16,1.3779,2.0924,0.5092,29.31,1.5897,811,5.6347,1.7876,0.7045,68.5,
1985/08/31,166.88,0.7034,,622.51,1.2971,2.0465,0.5034,28.45,1.5966,786,5.4893,1.7469,0.6785,66.4,
1985/09/30,152.97,0.7077,,631.06,1.2896,2.1005,0.5042,28.59,1.5109,793,5.4978,1.7286,0.6686,64.8,
1985/10/31,148.07,0.7002,,624.72,1.2125,2.2417,0.4866,28.07,1.4904,786,5.4619,1.712,0.6532,63.4,
1985/11/30,138.4,0.685,,609.24,1.2053,2.193,0.4642,27.26,1.4352,768,5.344,1.6598,0.629,60.9,
1985/12/31,136.49,0.6809,,606.14,1.3604,2.1799,0.4732,27.13,1.4333,766,5.3185,1.6451,0.6214,60.7,
1986/01/31,137.84,0.7155,,635.86,1.3366,2.2907,0.5051,28.13,1.5212,806,5.5848,1.7673,0.6453,62.7,
1986/02/28,126.51,0.7012,,619.72,1.3451,2.2494,0.4798,27.41,1.5048,791,5.4704,1.7407,0.6042,59.8,
1986/03/31,128.09,0.7119,,630.1,1.3357,2.2928,0.4823,27.6,1.5486,801,5.5646,1.8285,0.6284,61.1,
1986/04/30,124.19,0.7391,,654.18,1.2688,2.3591,0.478,28.48,1.6229,831,5.7602,1.9013,0.6268,61.4,
1986/05/31,123.33,0.7166,,637.27,1.2665,2.3011,0.4821,27.37,1.5989,809,5.5945,1.8893,0.6209,60.7,
1986/06/30,110.96,0.6772,,600.41,1.2301,2.1659,0.4414,25.79,1.4814,766,5.2889,1.7772,0.5781,56.3,
1986/07/31,92.24,0.598,,529.23,1.1549,2.2148,0.3998,22.75,1.3007,676,4.6677,1.5686,0.4999,49.3,
1986/08/31,94.99,0.6085,,536.15,1.2513,2.2536,0.412,22.5,1.3157,689,4.7481,1.5888,0.5032,50.3,
1986/09/30,96.34,0.6274,,550.23,1.283,2.3306,0.436,23.04,1.3612,1025,4.8953,1.646,0.5182,51.9,
1986/10/31,103.8,0.642,,560.59,1.264,2.3896,0.4565,23.43,1.4048,1053,5.0076,1.6841,0.5339,54,
1986/11/30,105.27,0.6488,,562.12,1.2684,2.4149,0.4531,23.53,1.4259,1073,5.0522,1.6882,0.5375,54.3,
1986/12/31,106.37,0.6648,,572.59,1.2663,2.4745,0.4525,23.6,1.4461,1091,5.1848,1.7301,0.5448,55,
1987/01/31,100.61,0.6608,,566.11,1.2194,2.4596,0.4308,23.17,1.4059,1077,5.1262,1.6702,0.5174,52.8,
1987/02/28,103.28,0.6748,,576.75,1.21,2.5117,0.4363,23.62,1.439,1109,5.2611,1.6975,0.5338,54.1,
1987/03/31,102.85,0.7053,,597.32,1.243,2.6252,0.4379,24.16,1.505,1160,5.5006,1.7671,0.5486,55.4,
1987/04/30,98.41,0.7048,,587.87,1.2113,2.6233,0.4234,23.27,1.4965,1156,5.5003,1.7444,0.5421,54.5,
1987/05/31,103.07,0.7137,,587.09,1.2365,2.6565,0.4399,22.52,1.5109,1177,5.5719,1.7825,0.5534,55.8,
1987/06/30,105.79,0.7203,,582.65,1.2141,2.681,0.4494,22.39,1.5285,1187,5.6248,1.8192,0.5634,56.6,
1987/07/31,104.24,0.6978,,563.89,1.2355,2.5973,0.4375,21.55,1.4727,1144,5.4509,1.7749,0.5515,55.3,
1987/08/31,101.3,0.7124,,575.41,1.1738,2.6516,0.4366,21.45,1.4989,1168,5.5614,1.7924,0.553,55.2,
1987/09/30,105.54,0.7194,,579.69,1.1,2.6777,0.442,21.65,1.5073,1187,5.6174,1.8245,0.5626,56.2,
1987/10/31,93.8,0.6757,,541.51,1.1463,2.515,0.3939,20.24,1.3971,1114,5.2738,1.6964,0.5101,51.7,
1987/11/30,93.52,0.7052,,561.62,1.0886,2.6248,0.3869,20.78,1.4313,1164,5.4847,1.757,0.5207,52.3,
1987/12/31,88.22,0.7225,,572.44,1.0967,2.6892,0.3857,20.63,1.4446,1192,5.6113,1.7997,0.5137,52,
1988/01/31,90.76,0.7138,,557.83,1.0791,2.6568,0.4009,20.42,1.4406,1185,5.5666,1.8245,0.5209,52.5,
1988/02/29,92.24,0.7198,,551.58,1.0826,2.6792,0.4056,20.6,1.4472,1195,5.6139,1.8598,0.529,53.1,
1988/03/31,92.04,0.7388,,552.25,1.1309,2.7499,0.3934,21.16,1.4802,1226,5.7711,1.8935,0.535,53.8,
1988/04/30,94.46,0.7585,,561.75,1.125,2.8232,0.4045,21.73,1.5185,1266,5.9311,1.9528,0.5489,55.2,
1988/05/31,100.56,0.8051,,592.39,1.1621,2.9967,0.4357,23.04,1.6255,1347,6.2906,2.0828,0.5871,58.9,
1988/06/30,105.17,0.794,,580.73,1.1763,2.9553,0.4612,22.94,1.622,1340,6.196,2.07,0.6059,59.8,
1988/07/31,106.82,0.8045,,588.41,1.2056,2.9944,0.4661,23.03,1.6394,1362,6.2835,2.1195,0.6157,61,
1988/08/31,108.83,0.8069,,582.58,1.3276,3.0034,0.4777,23.22,1.6459,1371,6.2975,2.1532,0.6241,61.8,
1988/09/30,105.28,0.7829,,562.91,1.2782,2.914,0.4647,22.65,1.5971,1336,6.1137,2.0997,0.6067,60,
1988/10/31,103.41,0.8256,,581.47,1.3147,3.073,0.4647,23.52,1.6497,1416,6.4493,2.2051,0.6172,61.1,
1988/11/30,106.91,0.8781,,603.69,1.3375,3.2684,0.4752,24.7,1.706,1511,6.8562,2.3494,0.6422,63.7,
1988/12/31,107.71,0.8555,,585.68,1.359,3.1843,0.4764,24.11,1.6648,1481,6.6804,2.321,0.6382,63.2,
1989/01/31,114.93,0.889,,605.05,1.4651,3.3089,0.504,24.58,1.7175,1547,6.9339,2.4265,0.6793,66.7,
1989/02/28,101.52,0.7996,,538.21,1.2829,2.9762,0.4591,22.2,1.5428,1395,6.2369,2.1865,0.602,59.6,
1989/03/31,108.64,0.8194,,550.55,1.3302,3.0499,0.4855,22.46,1.6052,1438,6.3803,2.2493,0.6332,62.2,
1989/04/30,105.09,0.7928,,528.16,1.2881,2.9509,0.4685,20.61,1.5453,1394,6.1676,2.1371,0.6112,60,
1989/05/31,106.8,0.7484,,498.96,1.2756,2.7856,0.4763,19.52,1.4652,1325,5.8188,2.0334,0.6048,58.8,
1989/06/30,108.79,0.7553,,503.94,1.3159,2.8113,0.4882,19.56,1.4842,1339,5.8876,2.0416,0.6051,59.4,
1989/07/31,104.12,0.7524,,502.15,1.2923,2.8005,0.4541,19.37,1.47,1335,5.8725,2.0033,0.5873,57.8,
1989/08/31,110.44,0.7656,,512.34,1.2976,2.8496,0.4853,19.65,1.5048,1367,5.9782,2.0602,0.6101,60,
1989/09/30,108.23,0.7764,,520.27,1.3144,2.8898,0.4788,19.95,1.5216,1385,6.0579,2.0877,0.611,59.8,
1989/10/31,111.58,0.7831,,525.93,1.3334,2.9148,0.4963,20.33,1.5331,1403,6.1154,2.112,0.6125,60.7,
1989/11/30,111.78,0.7815,,525.72,1.3239,2.9088,0.4993,20.44,1.5249,1402,6.107,2.1132,0.6067,60.4,
1989/12/31,113.61,0.7927,,538.01,1.3356,3.7432,0.4927,20.74,1.5018,1427,6.1908,2.1383,0.599,61.1,
1990/01/31,111.1,0.7708,,529,1.2899,3.6398,0.4592,20.16,1.4392,1394,6.0208,2.0808,0.5807,59.4,
1990/02/28,112.73,0.7594,,527.02,1.2908,3.586,0.4501,19.87,1.4189,1378,5.9298,2.0529,0.5765,59,
1990/03/31,118.79,0.7542,,528.62,1.3017,3.5614,0.4584,19.93,1.4217,1374,5.8922,2.0575,0.5809,59.8,
1990/04/30,119.58,0.7509,,530.89,1.3052,3.5458,0.4614,19.83,1.4094,1373,5.8518,2.0406,0.5767,59.6,
1990/05/31,116.63,0.7691,,547.83,1.3327,3.6318,0.4545,21.12,1.4232,1412,5.9842,2.0785,0.5818,60.2,
1990/06/30,120.41,0.789,,565.08,1.3439,3.7257,0.4536,21.45,1.4515,1456,6.1462,2.1386,0.5967,61.6,
1990/07/31,116.56,0.7901,,565,1.3355,3.7309,0.4275,21.47,1.4311,1461,6.1343,2.1337,0.5822,60.4,
1990/08/31,117.83,0.8162,,583.09,1.3182,3.8542,0.4265,22.28,1.4412,1517,6.3431,2.1935,0.5898,61.4,
1990/09/30,114.05,0.8265,,589.29,1.3417,3.9028,0.4412,22.56,1.4568,1541,6.4153,2.2318,0.5939,61.6,
1990/10/31,101.6,0.7847,,560.12,1.2729,3.7054,0.4021,21.4,1.3387,1469,6.1132,2.1191,0.548,57.2,
1990/11/30,102.68,0.7745,,552.3,1.2678,4.0445,0.3983,21.12,1.3314,1459,6.0392,2.0939,0.5378,56.9,
1990/12/31,104.34,0.7733,,553.99,1.3134,4.0382,0.4031,20.96,1.3452,1470,6.0317,2.0879,0.5472,57.3,
1991/01/31,102.94,0.7849,,564.34,1.308,4.0988,0.4002,21.28,1.3588,1501,6.1148,2.1181,0.5475,57.5,
1991/02/28,103.65,0.7851,,568.73,1.3105,4.0999,0.4087,21.32,1.3555,1507,6.1173,2.1327,0.5531,57.9,
1991/03/31,108.4,0.7752,,562.41,1.3202,4.0482,0.4467,21.21,1.3926,1498,6.0427,2.1543,0.5719,59.7,
1991/04/30,107.35,0.7817,,566.81,1.3326,4.1332,0.4613,21.4,1.3842,1516,6.094,2.1567,0.5892,60.2,
1991/05/31,104.91,0.7609,,550.13,1.3036,4.0599,0.4445,20.69,1.3428,1482,5.8844,2.0999,0.5656,58.5,
1991/06/30,106.19,0.7681,,556.57,1.3303,4.1136,0.4711,20.84,1.3576,1500,5.9497,2.1372,0.5825,59.7,
1991/07/31,107.12,0.7775,,564.54,1.3612,4.1574,0.4618,20.92,1.3579,1523,6.0334,2.1672,0.5827,60.1,
1991/08/31,107.44,0.7848,,575.89,1.367,4.2166,0.4656,20.95,1.3491,1541,6.0907,2.1861,0.5864,60.5,
1991/09/30,106.25,0.7995,,592.83,1.4039,4.2985,0.4576,21.27,1.35,1573,6.1917,2.1918,0.5886,60.6,
1991/10/31,102.62,0.7837,,587.93,1.4047,4.217,0.4498,20.64,1.3241,1549,6.0874,2.1524,0.5737,59.3,
1991/11/30,102.05,0.7848,,592.13,1.3959,4.2364,0.4444,20.23,1.3063,1557,6.0899,2.1598,0.5655,59,
1991/12/31,95.2,0.7598,,578.06,1.4078,4.1289,0.4063,19.56,1.2373,1514,5.9112,2.0716,0.5313,55.9,
1992/01/31,94.23,0.7498,,571.35,1.387,4.0902,0.4205,18.76,1.2267,1503,5.8207,1.9712,0.5359,55.8,
1992/02/29,97.51,0.7546,,579.38,1.3798,4.1271,0.4283,18.94,1.2402,1516,5.8568,1.9532,0.546,56.8,
1992/03/31,102.3,0.7684,,595.59,1.4032,4.2012,0.4432,19.6,1.2748,1550,5.9466,1.9859,0.5602,58.6,
1992/04/30,101.45,0.7593,,591.34,1.4142,4.1838,0.4294,19.22,1.2569,1535,5.8891,1.9203,0.5536,57.9,
1992/05/31,97.29,0.7589,,594.45,1.4172,4.1672,0.4154,18.93,1.2398,1539,5.8796,1.906,0.5471,56.9,
1992/06/30,94.05,0.7488,,591.7,1.3752,4.09,0.3945,18.47,1.2112,1522,5.7893,1.8757,0.5213,55.2,
1992/07/31,94.69,0.7442,,586.5,1.3658,4.0336,0.387,18.56,1.2,1515,5.7568,1.8624,0.5166,54.7,
1992/08/31,88,0.7134,,561.87,1.3224,3.8569,0.3599,17.93,1.1405,1451,5.5141,1.7781,0.4825,51.6,
1992/09/30,85.29,0.714,,562.49,1.3316,3.9271,0.3984,17.99,1.1374,1455,5.5181,1.7825,0.4875,51.7,
1992/10/31,85.64,0.6954,,544.15,1.3203,3.8612,0.4467,17.64,1.1255,1426,5.3758,1.7452,0.4946,51.9,
1992/11/30,85.08,0.6823,,535.67,1.3282,3.9026,0.4512,17.36,1.1171,1405,5.2807,1.7296,0.4945,51.8,
1992/12/31,85.81,0.688,,541.18,1.3385,3.9572,0.4549,17.48,1.1307,1419,5.3252,1.7966,0.4997,52.4,
1993/01/31,84.42,0.6786,,538.77,1.3133,3.9189,0.4456,17.3,1.1143,1401,5.2483,1.7805,0.4889,51.6,
1993/02/28,81.92,0.6957,,553.53,1.3274,3.9935,0.4874,18.07,1.1441,1437,5.3803,1.8323,0.5036,52.7,
1993/03/31,81.51,0.7058,,560.65,1.3242,4.0365,0.4725,18.46,1.1579,1462,5.4567,1.8312,0.5085,52.9,
1993/04/30,79.06,0.7116,,566.47,1.31,4.0621,0.453,18.41,1.1496,1476,5.5009,1.8281,0.501,52.3,
1993/05/31,72.6,0.6769,,542.98,1.2505,3.878,0.4345,17.65,1.0876,1407,5.2279,1.7317,0.4738,49.4,
1993/06/30,71.54,0.6722,,540.35,1.2478,3.8727,0.4453,17.78,1.0919,1404,5.2096,1.737,0.4818,49.5,
1993/07/31,72.41,0.6834,,551.13,1.2394,3.9372,0.4609,18.42,1.1054,1432,5.3003,1.7529,0.4907,50.9,
1993/08/31,69.93,0.6708,,542.17,1.2137,3.8828,0.4494,18.06,1.077,1410,5.1979,1.7092,0.4769,49.3,
1993/09/30,67.85,0.6453,,523.37,1.1739,3.7342,0.4271,17.39,1.0244,1360,4.993,1.6455,0.4546,47.3,
1993/10/31,72.17,0.6661,,538.18,1.2026,3.8546,0.4476,17.88,1.0564,1402,5.1486,1.7036,0.4789,49.4,
1993/11/30,71.77,0.6586,,532.05,1.2076,3.8232,0.4423,17.74,1.0544,1387,5.0887,1.6854,0.4763,49.1,
1993/12/31,75.8,0.6711,,541.95,1.2095,3.8924,0.4575,18.05,1.1278,1416,5.1838,1.814,0.4921,50.8,
1994/01/31,78.11,0.7112,,574.9,1.2499,6.1874,0.4757,18.8,1.135,1509,5.4928,1.9633,0.5146,54,
1994/02/28,74.67,0.7178,,580.09,1.244,6.248,0.4825,19,1.1363,1533,5.5479,1.9582,0.5143,53.6,
1994/03/31,72.04,0.7008,,565.72,1.2445,6.1026,0.4728,18.47,1.0997,1503,5.4148,1.876,0.4972,52.1,
1994/04/30,72.2,0.7124,,575.37,1.2353,6.1888,0.4707,18.81,1.1078,1532,5.5035,1.9114,0.5035,52.6,
1994/05/31,76.85,0.7361,,593.48,1.2396,6.3744,0.4879,19.94,1.1281,1586,5.6875,1.8983,0.5201,54.6,
1994/06/30,72.2,0.7291,,586.96,1.2258,6.3086,0.4721,19.56,1.1114,1576,5.6352,1.8981,0.5026,53,
1994/07/31,73.86,0.7393,,593.33,1.2279,6.3738,0.4844,19.66,1.1191,1602,5.7118,1.9183,0.5078,53.9,
1994/08/31,73.82,0.7425,,594.33,1.2338,6.357,0.4837,19.43,1.1137,1615,5.738,1.8986,0.5122,53.9,
1994/09/30,72.88,0.7393,,589.92,1.2264,6.3062,0.468,19.34,1.0969,1612,5.7128,1.8963,0.5042,53.4,
1994/10/31,72.25,0.7422,,591.57,1.2037,6.3284,0.4575,19.33,1.0919,1623,5.7355,1.8948,0.4971,53.1,
1994/11/30,75.93,0.7674,,609.43,1.2195,6.53,0.4912,20.15,1.1233,1683,5.9353,1.9622,0.5255,55.5,
1994/12/31,77.56,0.7768,,612.47,1.2105,6.5708,0.4982,20.45,1.1345,1709,6.0114,1.9867,0.5336,56.2,
1995/01/31,74.75,0.7583,,598.6,1.186,6.3988,0.4752,19.94,1.1022,1674,5.8677,1.9409,0.5144,54.5,
1995/02/28,71.75,0.7395,,582.39,1.1659,6.2352,0.4669,19.47,1.0721,1636,5.718,1.888,0.4944,52.9,
1995/03/31,64.92,0.728,,561.98,1.1228,6.1348,0.4534,18.93,1.0333,1615,5.6293,1.8456,0.4677,50.7,
1995/04/30,61.04,0.7299,,556.33,1.0842,6.1386,0.4515,18.55,1.0157,1625,5.6483,1.8009,0.4621,49.6,
1995/05/31,59.45,0.7138,,541.45,1.0734,5.93,0.4449,18.27,0.9923,1596,5.5216,1.759,0.4531,48.5,
1995/06/30,60.08,0.7086,,537.37,1.0621,5.8822,0.4452,18.3,0.9898,1592,5.4833,1.7283,0.4539,48.4,
1995/07/31,65.31,0.7389,,559.31,1.0963,6.1331,0.4611,19.56,1.0304,1667,5.7178,1.8162,0.4753,51,
1995/08/31,73.55,0.7524,,582.85,1.1556,6.2594,0.4861,20.69,1.0707,1705,5.8258,1.8791,0.507,53.9,
1995/09/30,74.22,0.755,,580.03,1.1488,6.2805,0.4777,20.46,1.0726,1718,5.8384,1.8932,0.5024,53.8,
1995/10/31,76.98,0.7566,,579.44,1.1453,6.2911,0.48,20.42,1.0713,1729,5.8504,1.9256,0.5031,54.3,
1995/11/30,75.83,0.7469,,575.15,1.1414,6.2079,0.486,20.4,1.0548,1714,5.7774,1.899,0.502,53.8,
1995/12/31,76.66,0.745,,577.52,1.14,6.1968,0.4814,20.33,1.0538,1719,5.7609,1.8928,0.5009,53.9,
1996/01/31,79.88,0.7447,,585.52,1.1107,6.192,0.4943,20.46,1.0572,1728,5.7589,1.9064,0.5121,54.7,
1996/02/29,79.85,0.7635,,598.2,1.1343,6.3529,0.4982,21,1.0779,1781,5.9029,1.9441,0.5182,55.5,
1996/03/31,83,0.7793,,610,1.1472,6.4959,0.5106,21.24,1.0971,1827,6.0262,1.9769,0.5345,56.8,
1996/04/30,81.88,0.7854,,611.55,1.1446,6.5429,0.5206,21.34,1.1041,1834,6.0747,1.957,0.5404,57.1,
1996/05/31,86.36,0.7983,,629.74,1.175,6.6469,0.5207,22.13,1.126,1862,6.1767,1.996,0.5519,58.7,
1996/06/30,86.48,0.789,,640.12,1.1552,6.5653,0.5099,21.72,1.1123,1835,6.107,1.9686,0.5476,58.1,
1996/07/31,83.05,0.7731,,628.38,1.1221,6.4252,0.4964,21.28,1.0928,1819,5.9795,1.928,0.529,56.5,
1996/08/31,85.7,0.7909,,648.26,1.1429,6.5695,0.5077,21.73,1.113,1853,6.1153,1.9723,0.542,57.9,
1996/09/30,88.09,0.7924,,653.57,1.1326,6.5783,0.507,21.78,1.1153,1841,6.1279,1.9864,0.5494,58.5,
1996/10/31,90.1,0.7919,,656.33,1.1204,6.5733,0.4849,21.81,1.1162,1844,6.1231,2.0014,0.5482,58.6,
1996/11/30,92.02,0.8107,,671.75,1.1426,6.7294,0.4828,22.29,1.137,1900,6.2686,2.0478,0.5598,59.9,
1996/12/31,92.51,0.7965,,672.92,1.1255,6.6095,0.471,21.9,1.1147,1882,6.1617,2.0133,0.5548,59.4,
1997/01/31,92.94,0.762,,658.94,1.1079,6.3199,0.4733,20.91,1.0734,1813,5.9051,1.8949,0.5484,58.1,
1997/02/28,93.42,0.7758,,670.56,1.1232,6.4351,0.4768,21.33,1.1052,1860,6.0074,1.927,0.5586,59.3,
1997/03/31,97.33,0.7865,,702.58,1.1321,6.5253,0.4818,21.67,1.1383,1889,6.0952,1.9497,0.5703,60.5,
1997/04/30,99.16,0.7811,,697.05,1.1262,6.4791,0.4789,21.61,1.1284,1901,6.0504,1.9613,0.5727,60.7,
1997/05/31,88.58,0.7613,,679.04,1.1056,6.3128,0.4644,21.23,1.088,1854,5.8978,1.912,0.5474,58,
1997/06/30,85.2,0.7455,,661.74,1.0996,6.1807,0.4482,20.73,1.0662,1812,5.7758,1.8816,0.5348,56.7,
1997/07/31,87.89,0.7452,,663.94,1.1477,6.1778,0.4551,21.31,1.0949,1941,5.7719,1.9636,0.5503,58.3,
1997/08/31,87.5,0.7344,,662.54,1.1455,6.0871,0.4541,21.1,1.1148,2196,5.689,2.1536,0.5402,58.2,
1997/09/30,87.17,0.7198,,658.26,1.1272,5.9635,0.4467,20.59,1.1042,2360,5.5702,2.3289,0.5268,57.7,
1997/10/31,84.61,0.7036,,678.45,1.1277,5.8283,0.4221,21.78,1.1165,2579,5.4402,2.4204,0.5105,57.1,
1997/11/30,86.75,0.6803,,793.4,1.104,5.633,0.4059,21.82,1.0832,2483,5.2593,2.3811,0.4988,57,
1997/12/31,84.79,0.6527,,1088.7,1.1219,5.4042,0.3937,21.26,1.0962,3492,5.0576,2.5364,0.4833,58.1,
1998/01/31,85.3,0.6693,,1051.14,1.156,5.5408,0.4094,22.76,1.1582,8366,5.1787,2.9349,0.4948,61.9,
1998/02/28,85.85,0.6745,,1103.48,1.1619,5.5842,0.4105,21.6,1.089,5936,5.2235,2.4653,0.5015,60.6,
1998/03/31,87.87,0.6634,,921.13,1.1979,5.4924,0.3955,21.77,1.0669,5672,5.1404,2.4164,0.495,59.6,
1998/04/30,85.82,0.6499,,872.17,1.1712,5.3799,0.3889,21.44,1.0304,5232,5.0341,2.4339,0.4829,58,
1998/05/31,86.44,0.6236,,878.65,1.1671,5.1631,0.3835,21.21,1.0439,6969,4.832,2.4169,0.4645,57.5,
1998/06/30,86.16,0.6135,,843.72,1.1931,5.0797,0.3681,21.15,1.0477,9126,4.7538,2.5614,0.4617,57.9,
1998/07/31,87.89,0.6113,,749.76,1.1861,5.0615,0.3734,21,1.0554,8069,4.736,2.5277,0.4577,57.3,
1998/08/31,80.69,0.5691,,773.12,1.1453,4.7121,0.3401,19.82,1.0131,6260,4.4084,2.3891,0.428,53.4,
1998/09/30,80.57,0.5945,,825.46,1.185,4.9214,0.3482,20.46,1.0004,6414,4.607,2.2591,0.4321,54.5,
1998/10/31,72.34,0.6263,,822.74,1.1804,5.1843,0.3728,20.35,1.0166,4776,4.8518,2.3799,0.4444,54.2,
1998/11/30,78.2,0.6323,,789.11,1.1975,5.2343,0.3828,20.5,1.046,4726,4.8961,2.4027,0.4573,55.6,
1998/12/31,70.51,0.6139,,730.85,1.1634,5.0823,0.3686,19.77,1.019,4868,4.7559,2.3328,0.437,53,
1999/01/31,73.04,0.6286,0.5506,738.98,1.1701,5.2034,0.3819,20.32,1.0628,5595,4.871,2.3887,0.4515,54.8,
1999/02/28,75.16,0.6225,0.5664,762.25,1.183,5.1536,0.3887,20.55,1.0747,5455,4.8234,2.3655,0.4562,55.4,
1999/03/31,75.62,0.6293,0.5865,771.46,1.1822,5.2106,0.3905,20.86,1.0892,5491,4.8769,2.3913,0.4644,56.1,
1999/04/30,78.62,0.6598,0.6209,783.35,1.1805,5.4627,0.4096,21.58,1.1238,5460,5.114,2.5072,0.4877,58.3,
1999/05/31,78.86,0.6491,0.6203,769.7,1.2121,5.3736,0.4049,21.25,1.1213,5277,5.0338,2.4666,0.4827,58,
1999/06/30,79.66,0.6596,0.6379,763.72,1.2466,5.4606,0.4188,21.28,1.1224,4439,5.1176,2.5065,0.4932,58.4,
1999/07/31,75.09,0.652,0.6074,787.22,1.232,5.3968,0.4036,20.99,1.0993,4483,5.0606,2.4776,0.4787,57.1,
1999/08/31,70.68,0.6379,0.6071,755.31,1.2348,5.28,0.4005,20.31,1.0742,4854,4.9534,2.424,0.4687,56,
1999/09/30,69.47,0.6536,0.614,795.1,1.261,5.4104,0.3975,20.77,1.1116,5441,5.0772,2.4837,0.4726,57,
1999/10/31,67.68,0.6446,0.612,773.58,1.2602,5.3357,0.3932,20.46,1.0756,4432,5.0089,2.4495,0.4658,55.7,
1999/11/30,64.92,0.6376,0.6311,739.23,1.2448,5.2784,0.3974,20.19,1.0739,4782,4.9545,2.4229,0.465,55.3,
1999/12/31,66.94,0.6538,0.6486,740.62,1.2549,5.4131,0.4048,20.5,1.0892,4585,5.0826,2.4844,0.4773,56.4,
2000/01/31,68.2,0.6382,0.6509,718.77,1.2901,5.2831,0.3938,19.61,1.0869,4744,4.9653,2.4252,0.4713,56,
2000/02/29,67.72,0.6143,0.6347,695.23,1.2635,5.0855,0.3846,18.88,1.0538,4597,4.7808,2.3343,0.4588,54.5,
2000/03/31,63.77,0.6055,0.6317,669.86,1.2198,5.0128,0.3799,18.46,1.0411,4611,4.7147,2.3009,0.4506,53.1,
2000/04/30,62.91,0.5909,0.6483,655.4,1.2069,4.8925,0.3758,18.09,1.0076,4698,4.6026,2.2454,0.4463,52.5,
2000/05/31,61.16,0.5735,0.6161,647.4,1.2486,4.747,0.3829,17.65,0.9931,4944,4.469,2.1793,0.4333,51.4,
2000/06/30,63.19,0.5986,0.6282,667.56,1.278,4.9552,0.3941,18.44,1.0351,5229,4.6662,2.2747,0.4481,53.3,
2000/07/31,63.65,0.5822,0.6306,650.2,1.2804,4.8203,0.3869,18.08,1.0091,5228,4.5401,2.2124,0.4429,52.7,
2000/08/31,61.2,0.5748,0.643,637.8,1.334,4.7587,0.3948,17.86,0.9893,4808,4.4826,2.1842,0.4406,52.2,
2000/09/30,58.59,0.5433,0.6161,605.59,1.3355,4.4985,0.3712,17.02,0.9456,4776,4.2365,2.0645,0.4181,49.9,
2000/10/31,56.11,0.5148,0.6123,587.62,1.2993,4.2615,0.355,16.68,0.9042,4847,4.0152,1.9562,0.4017,48.2,
2000/11/30,58.13,0.5227,0.6089,634.01,1.2913,4.3266,0.3681,17.26,0.9189,4980,4.077,1.9863,0.4086,49.2,
2000/12/31,63.57,0.554,0.5963,697.76,1.2588,4.5861,0.3715,18.37,0.9593,5327,4.3209,2.1052,0.4258,51.6,
2001/01/31,63.71,0.5466,0.5898,690.9,1.2437,4.5251,0.3739,17.69,0.953,5163,4.2629,2.0771,0.4222,51.1,
2001/02/28,61.09,0.525,0.5724,656.33,1.2226,4.346,0.3645,17,0.9144,5165,4.0948,1.995,0.4067,49.3,
2001/03/31,60.96,0.489,0.5559,650.69,1.2119,4.0479,0.3425,16.04,0.8812,5093,3.8137,1.8582,0.3867,47.4,
2001/04/30,63.02,0.5088,0.5705,671.74,1.2359,4.2115,0.3543,16.74,0.9253,6014,3.9682,1.9334,0.4012,49.2,
2001/05/31,60.77,0.51,0.5988,657.39,1.2322,4.2216,0.3583,17.3,0.9213,5689,3.9779,1.938,0.4058,49.3,
2001/06/30,62.94,0.5075,0.6002,660.23,1.2546,4.2006,0.3603,17.48,0.924,5791,3.9582,1.9285,0.4076,49.7,
2001/07/31,62.92,0.5041,0.5759,656.59,1.228,4.1723,0.3529,17.51,0.9083,4721,3.9317,1.9156,0.4008,48.8,
2001/08/31,63.48,0.5342,0.5815,685.11,1.2072,4.4214,0.366,18.46,0.9292,4766,4.1666,2.03,0.4167,50.4,
2001/09/30,58.69,0.4923,0.5383,644.32,1.2117,4.0747,0.3345,17,0.8681,4768,3.8397,1.8707,0.3817,47,
2001/10/31,61.6,0.5053,0.557,654.36,1.2211,4.1823,0.3477,17.44,0.9215,5283,3.9413,1.9201,0.3947,48.7,
2001/11/30,64.48,0.52,0.5863,657.28,1.256,4.3042,0.3653,17.92,0.9521,5439,4.0544,1.976,0.4113,50.4,
2001/12/31,67.04,0.5106,0.5764,672.97,1.2283,4.226,0.3518,17.87,0.9454,5310,3.9815,1.9403,0.4068,50.2,
2002/01/31,67.42,0.5078,0.5887,663.39,1.2245,4.2028,0.3589,17.75,0.9295,5245,3.9605,1.9296,0.4082,50.2,
2002/02/28,69.13,0.5164,0.5977,684.75,1.2289,4.274,0.364,18.13,0.9475,5262,4.0276,1.9623,0.4162,51.1,
2002/03/31,70.53,0.5316,0.6086,704.37,1.2087,4.4002,0.3727,18.61,0.9795,5133,4.1463,2.0201,0.4258,52.2,
2002/04/30,69.09,0.5397,0.5975,698.37,1.2036,4.4673,0.3704,18.74,0.9767,5030,4.2093,2.0509,0.425,52.1,
2002/05/31,70.27,0.5674,0.6047,694.1,1.1777,4.6961,0.3871,19.34,1.0122,4987,4.4256,2.1561,0.4399,53.5,
2002/06/30,67.48,0.5648,0.5715,678.89,1.1574,4.6749,0.37,18.95,0.9966,4931,4.4054,2.1462,0.4277,52.3,
2002/07/31,65.46,0.5478,0.5569,651.88,1.1631,4.5339,0.3482,18.53,0.9657,4974,4.2727,2.0816,0.4133,50.9,
2002/08/31,65.23,0.5532,0.5617,663.78,1.1758,4.5787,0.3572,18.94,0.9672,4905,4.3149,2.1022,0.4171,51.3,
2002/09/30,66.05,0.5435,0.553,668.07,1.1588,4.4987,0.3476,18.99,0.9654,4898,4.2391,2.0653,0.4123,50.9,
2002/10/31,67.86,0.5534,0.5603,677.69,1.1446,4.5805,0.3547,19.24,0.9771,5112,4.3162,2.1029,0.4193,51.8,
2002/11/30,68.58,0.5608,0.5645,677.5,1.1302,4.6419,0.3615,19.52,0.9886,5034,4.374,2.131,0.4233,52.2,
2002/12/31,67.14,0.5662,0.5403,672.53,1.0762,4.6864,0.3532,19.69,0.9842,5067,4.4157,2.1516,0.418,51.7,
2003/01/31,70.04,0.5884,0.5439,688.49,1.0781,4.8701,0.3558,20.42,1.0224,5222,4.5895,2.2359,0.4286,53.2,
2003/02/28,71.25,0.6054,0.5629,719.46,1.0768,5.0111,0.3834,21.06,1.0518,5389,4.7216,2.3005,0.4408,54.7,
2003/03/31,71.97,0.6036,0.5576,759.21,1.0911,4.9962,0.3828,20.98,1.0652,5374,4.7076,2.2937,0.4429,54.8,
2003/04/30,74.36,0.623,0.5601,756.14,1.1135,5.1566,0.3902,21.72,1.1058,5405,4.8589,2.3674,0.4529,56.1,
2003/05/31,77.18,0.6522,0.5493,786.55,1.1282,5.3983,0.3951,22.64,1.1286,5426,5.0865,2.4784,0.4607,57.7,
2003/06/30,79.99,0.6674,0.584,797.48,1.1454,5.5243,0.4038,23.11,1.175,5526,5.2047,2.5361,0.4761,59.4,
2003/07/31,78.35,0.6529,0.576,770.75,1.1212,5.4042,0.4048,22.46,1.149,5553,5.0921,2.481,0.4666,58.3,
2003/08/31,74.89,0.64,0.5885,753.73,1.1189,5.2973,0.406,21.87,1.1246,5478,4.9916,2.432,0.4668,57.3,
2003/09/30,75.45,0.6801,0.5847,782.32,1.1444,5.6292,0.4071,22.95,1.1756,5713,5.268,2.5844,0.4812,59.1,
2003/10/31,76.84,0.7046,0.6063,833.47,1.1536,5.8318,0.4153,23.92,1.2235,5986,5.4705,2.6775,0.49,61,
2003/11/30,78.9,0.7206,0.6047,867.24,1.1282,5.9646,0.4203,24.66,1.2438,6129,5.597,2.7383,0.5005,62.1,
2003/12/31,80.18,0.75,0.5963,895.88,1.1429,6.2075,0.4211,25.48,1.2762,6353,5.8223,2.85,0.5066,63.5,
2004/01/31,80.99,0.7644,0.6157,899.09,1.1406,6.3269,0.4208,25.52,1.3007,6461,5.9424,2.9047,0.5139,64.5,
2004/02/29,84.43,0.7708,0.6198,907.62,1.1231,6.3799,0.4137,25.72,1.3138,6523,5.9994,2.929,0.5207,65.2,
2004/03/31,79.08,0.7589,0.6203,872.01,1.1476,6.2815,0.414,25.09,1.2738,6514,5.9157,2.8838,0.5145,63.8,
2004/04/30,79.5,0.722,0.6033,848.17,1.158,5.9759,0.4069,24.07,1.2302,6274,5.6316,2.7436,0.5003,62.1,
2004/05/31,78.22,0.7143,0.585,830.5,1.1322,5.9122,0.389,23.86,1.2129,6617,5.5668,2.7143,0.4863,61.1,
2004/06/30,74.82,0.6889,0.5702,794.03,1.097,5.7017,0.3815,23.26,1.1833,6484,5.373,2.6178,0.4694,59.1,
2004/07/31,78.22,0.6986,0.5802,819.28,1.104,5.7822,0.3848,23.87,1.2045,6415,5.4489,2.6547,0.4801,60.2,
2004/08/31,76.85,0.7011,0.5806,808.19,1.0756,5.8028,0.39,23.87,1.2008,6544,5.4684,2.6642,0.4809,60.1,
2004/09/30,79.15,0.7147,0.5794,823.73,1.068,5.9153,0.3968,24.29,1.2081,6558,5.5737,2.7159,0.4867,61,
2004/10/31,79.22,0.7461,0.5857,836.53,1.0948,6.1751,0.4078,24.96,1.2413,6781,5.8046,2.8352,0.4995,62.5,
2004/11/30,80.14,0.7775,0.5858,814.43,1.0886,6.435,0.4113,24.99,1.2758,7011,6.0463,2.9545,0.5076,63.6,
2004/12/31,79.99,0.779,0.5717,806.3,1.0834,6.4474,0.4043,24.73,1.2729,7252,6.0563,2.9602,0.5033,63.2,
2005/01/31,80.17,0.7744,0.5945,795.12,1.0887,6.4093,0.411,24.63,1.2695,7094,6.0397,2.9427,0.5092,63.5,
2005/02/28,82.79,0.7905,0.5961,794.06,1.0887,6.5426,0.4114,24.65,1.2858,7324,6.1656,3.0039,0.5185,64.4,
2005/03/31,82.69,0.7719,0.5973,785.89,1.0898,6.3886,0.4107,24.4,1.2741,7325,6.02,2.9332,0.5116,63.8,
2005/04/30,82.33,0.7811,0.6036,780.28,1.07,6.4648,0.4081,24.53,1.2823,7479,6.0885,2.9682,0.5161,64.1,
2005/05/31,81.81,0.7557,0.6096,762.39,1.0681,6.2546,0.4164,23.69,1.2588,7184,5.8784,2.8717,0.5088,63.2,
2005/06/30,84.14,0.7637,0.6315,784.09,1.0907,6.3208,0.4224,24.11,1.2859,7422,5.9355,2.9021,0.5234,64.5,
2005/07/31,85.19,0.7595,0.6262,778.91,1.1122,6.158,0.4327,24.24,1.2619,7458,5.9044,2.8485,0.5238,64.3,
2005/08/31,83.17,0.7471,0.6121,775.75,1.0846,6.0495,0.4185,24.45,1.259,7826,5.8062,2.8179,0.5117,63.3,
2005/09/30,86.05,0.7615,0.6326,793.41,1.0995,6.1624,0.4324,25.24,1.2865,7779,5.9071,2.8705,0.525,64.7,
2005/10/31,86.62,0.7487,0.6214,780.63,1.0661,6.0535,0.4221,25.17,1.2667,7524,5.8048,2.8262,0.5156,63.9,
2005/11/30,88.33,0.7389,0.6274,764.1,1.0512,5.9705,0.4301,24.74,1.2505,7407,5.7296,2.7919,0.518,63.7,
2005/12/31,85.98,0.7337,0.6175,739.17,1.0706,5.9213,0.4246,24.08,1.2205,7209,5.6887,2.7732,0.5134,62.7,
2006/01/31,88.33,0.751,0.6208,723.44,1.1005,6.0543,0.4245,24.02,1.222,7050,5.8255,2.8166,0.5202,63.4,
2006/02/28,85.91,0.7382,0.6225,715.87,1.1175,5.9299,0.4241,23.95,1.199,6812,5.7275,2.7412,0.515,62.6,
2006/03/31,84.05,0.7159,0.5889,697.36,1.17,5.7397,0.4102,23.23,1.1583,6558,5.5553,2.6388,0.4969,60.8,
2006/04/30,86.16,0.7542,0.602,710.61,1.1907,6.0438,0.4186,24.04,1.1931,6637,5.8482,2.7336,0.5154,62.8,
2006/05/31,85.53,0.7636,0.5932,722.1,1.1885,6.1267,0.4055,24.45,1.2028,7021,5.924,2.7715,0.5112,63.2,
2006/06/30,85.11,0.7433,0.5841,706.21,1.2159,5.9413,0.4049,24.09,1.1802,6898,5.7731,2.7283,0.5066,62.2,
2006/07/31,87.54,0.7658,0.6,731.11,1.236,6.1033,0.4107,25.09,1.2084,6946,5.9523,2.7973,0.5181,63.9,
2006/08/31,89.5,0.7627,0.5947,732.88,1.1701,6.0671,0.4005,25.11,1.1996,6939,5.9316,2.8075,0.5131,63.7,
2006/09/30,88.17,0.748,0.5891,707.05,1.1446,5.9138,0.3991,24.73,1.187,6904,5.8275,2.7553,0.5055,62.6,
2006/10/31,90.39,0.7692,0.6051,725.7,1.1565,6.0598,0.405,25.57,1.2013,7011,5.9811,2.8064,0.519,64,
2006/11/30,91.2,0.785,0.596,730.48,1.1544,6.1528,0.4028,25.49,1.212,7195,6.1037,2.84,0.5212,64.5,
2006/12/31,94.13,0.7913,0.6012,735.63,1.1216,6.1791,0.403,25.79,1.2133,7126,6.1509,2.7945,0.5265,64.9,
2007/01/31,93.84,0.772,0.5957,727.26,1.1211,6.0015,0.3933,25.45,1.1866,7020,6.0269,2.7028,0.5175,63.8,
2007/02/28,93.35,0.788,0.5959,740.92,1.1241,6.0994,0.4013,25.96,1.2067,7231,6.1555,2.7627,0.5235,64.6,
2007/03/31,94.94,0.807,0.6049,759.27,1.131,6.2386,0.4111,26.69,1.224,7368,6.3064,2.7886,0.5333,65.9,
2007/04/30,98.84,0.8268,0.6064,769.75,1.1188,6.3706,0.4144,27.54,1.2566,7510,6.4669,2.831,0.5419,67,
2007/05/31,100.21,0.8244,0.6137,764.88,1.1276,6.3044,0.4173,27.19,1.2608,7279,6.4372,2.8058,0.5453,67,
2007/06/30,104.7,0.8487,0.6311,784.84,1.1025,6.4642,0.4236,27.86,1.3005,7668,6.6337,2.9293,0.5605,68.9,
2007/07/31,101.87,0.8572,0.6258,788.15,1.1176,6.4888,0.4229,28.14,1.2955,7874,6.7072,2.9615,0.56,68.8,
2007/08/31,95.42,0.8214,0.601,770.8,1.1656,6.1978,0.4076,27.14,1.25,7729,6.4039,2.8761,0.5366,66.2,
2007/09/30,101.64,0.8827,0.6232,809.04,1.1662,6.6314,0.4367,28.9,1.3158,8071,6.8487,3.0188,0.5679,70,
2007/10/31,105.74,0.9216,0.6384,830.07,1.2049,6.8806,0.4455,29.87,1.3358,8385,7.1428,3.0789,0.5874,72.2,
2007/11/30,97.83,0.8865,0.6014,819.52,1.1474,6.5449,0.4297,28.6,1.2817,8309,6.9045,2.9771,0.5576,68.9,
2007/12/31,98.77,0.8816,0.598,825.18,1.1354,6.4389,0.4412,28.61,1.2707,8282,6.8774,2.9141,0.5585,68.7,
2008/01/31,94.61,0.8884,0.5987,839.98,1.1375,6.381,0.4474,28.58,1.2595,8259,6.9313,2.8749,0.5582,68.3,
2008/02/29,99.27,0.9466,0.6237,887.67,1.161,6.7271,0.4762,29.09,1.3182,8581,7.363,3.0147,0.5907,71.8,
2008/03/31,91.58,0.918,0.5813,910.61,1.1557,6.4393,0.4608,27.93,1.2665,8464,7.1461,2.9266,0.5577,68.9,
2008/04/30,96.96,0.9337,0.5991,936.27,1.2035,6.5345,0.4753,28.43,1.2715,8623,7.2773,2.9484,0.5744,70.7,
2008/05/31,100.73,0.9559,0.616,984.39,1.223,6.6351,0.4833,29.07,1.3041,8899,7.4599,3.0976,0.5888,72.8,
2008/06/30,101.93,0.9626,0.6096,1005.27,1.2609,6.6002,0.4829,29.23,1.3106,8880,7.5091,3.1434,0.5906,73.4,
2008/07/31,101.87,0.9434,0.6051,953.54,1.2872,6.4458,0.4768,28.9,1.2911,8594,7.3611,3.0783,0.5822,72.2,
2008/08/31,94.18,0.8639,0.5857,940.48,1.227,5.9067,0.4717,27.24,1.2233,7907,6.745,2.9299,0.5496,67.7,
2008/09/30,83.41,0.7996,0.5565,964.2,1.1925,5.4733,0.4435,25.8,1.1438,7540,6.2095,2.7626,0.5137,63.4,
2008/10/31,65.26,0.668,0.5223,847.56,1.1429,4.5625,0.4102,21.91,0.9895,7265,5.1784,2.3798,0.4443,54.7,
2008/11/30,62.58,0.6572,0.5091,960.04,1.1889,4.487,0.4269,21.9,0.9903,8001,5.0937,2.3774,0.4399,54.6,
2008/12/31,62.57,0.6928,0.4919,872.62,1.1955,4.7315,0.4796,22.72,0.9967,7586,5.3693,2.4023,0.4476,55.6,
2009/01/31,57.53,0.6438,0.4995,889.28,1.2626,4.4034,0.453,21.69,0.9708,7310,4.9933,2.3238,0.4279,53.2,
2009/02/28,62.99,0.6454,0.5069,982.14,1.2747,4.413,0.4513,22.54,0.9946,7738,5.0047,2.3815,0.4382,54.8,
2009/03/31,67.48,0.6873,0.519,955.35,1.2094,4.6974,0.4804,23.34,1.0441,7983,5.3268,2.509,0.4612,57.4,
2009/04/30,70.72,0.7265,0.546,939.55,1.2836,4.9584,0.4896,24.09,1.0757,7761,5.6304,2.59,0.4849,59.7,
2009/05/31,76.38,0.7912,0.5648,991.18,1.2569,5.4026,0.4937,25.79,1.1461,8161,6.1333,2.77,0.5154,63.3,
2009/06/30,77.76,0.8114,0.5751,1031.94,1.2428,5.5442,0.4872,26.66,1.1749,8295,6.2884,2.8569,0.5234,64.7,
2009/07/31,78.95,0.8281,0.5862,1016.78,1.2625,5.6582,0.5007,27.17,1.1926,8211,6.4179,2.912,0.5339,65.7,
2009/08/31,77.88,0.8393,0.5877,1048.12,1.2296,5.7336,0.5168,27.61,1.2109,8460,6.5054,2.9556,0.5366,66.3,
2009/09/30,78.82,0.8801,0.6015,1037.9,1.2193,6.0083,0.5487,28.3,1.2445,8511,6.8209,3.0579,0.5579,68.2,
2009/10/31,83.49,0.9161,0.6169,1083.7,1.251,6.2547,0.5533,29.76,1.2794,8740,7.1,3.1244,0.5771,70.7,
2009/11/30,79.24,0.9178,0.6092,1064.92,1.2738,6.2669,0.5539,29.54,1.269,8678,7.1131,3.1072,0.57,69.9,
2009/12/31,82.82,0.8969,0.6241,1045.86,1.2354,6.1228,0.5581,28.84,1.2589,8429,6.9553,3.0714,0.5742,69.7,
